{"cameraMode":{"drawMode":0,"name":"Shaded","section":"Shading Mode"},"sceneLighting":true,"audioPlay":false,"sceneViewState":{"m_AlwaysRefresh":false,"showFog":true,"showSkybox":true,"showFlares":true,"showImageEffects":true,"showParticleSystems":true,"showVisualEffectGraphs":true,"m_FxEnabled":true},"in2DMode":false,"pivot":{"x":-0.08436550199985504,"y":-0.3900988698005676,"z":0.8386542797088623},"rotation":{"x":-0.09017158299684525,"y":0.018520265817642213,"z":-0.001678400905802846,"w":-0.9957577586174011},"size":2.0531182289123537,"orthographic":false}