{"cameraMode":{"drawMode":0,"name":"Shaded","section":"Shading Mode"},"sceneLighting":false,"audioPlay":false,"sceneViewState":{"m_AlwaysRefresh":false,"showFog":true,"showSkybox":false,"showFlares":true,"showImageEffects":true,"showParticleSystems":true,"showVisualEffectGraphs":true,"m_FxEnabled":true},"in2DMode":false,"pivot":{"x":1.3684139251708985,"y":0.17796003818511964,"z":1.0517487525939942},"rotation":{"x":-0.06531921774148941,"y":0.26525071263313296,"z":-0.01801399327814579,"w":-0.9617971777915955},"size":4.282889366149902,"orthographic":false}