{"cameraMode":{"drawMode":0,"name":"Shaded","section":"Shading Mode"},"sceneLighting":false,"audioPlay":false,"sceneViewState":{"m_AlwaysRefresh":false,"showFog":true,"showSkybox":false,"showFlares":true,"showImageEffects":true,"showParticleSystems":true,"showVisualEffectGraphs":true,"m_FxEnabled":true},"in2DMode":false,"pivot":{"x":5.487966060638428,"y":0.4479435682296753,"z":2.9250619411468508},"rotation":{"x":-0.04828701913356781,"y":0.012582181952893734,"z":-0.0006080567254684866,"w":-0.9987568259239197},"size":4.282889366149902,"orthographic":false}